خم من أي واحدة معها المثاح وربح عشرت على في دولار,0.28,3.52
انزاع سابة العينين وبحط عن الاحتلفات,3.56,5.8
الفتات على اليومي المعالمثاح,5.82,7.42
إذا بلخ الفسكار,7.44,8.5
انه امام متطبقةً,8.74,10.06
عشرت على افأيه مامها المثاح,10.48,12.66
او سا اختار الفتات على اليومي,12.94,14.7
داخمين كصحية,16.06,17.16
راااااااااااااااااااااااااااااااااااااااااااااااااااااااااااااااااااااااااااااااااااااااااااااااااااااااااااااااااااااااااااااااااااااااااااااااااااااااااااااااااااااااااااااااااااااااااااااااااااااااااااااااااااااااااااااا,47.14,47.16
ااااااااااااااااااااااااااااااااااااااااااااااااااااااااااااااااااااااااااااااااااااااااااااااااااااااااااااااااااااااااااااااااااااااااااااااااااااااااااااااااااااااااااااااااااااااااااااااااااااااااااااااااااااااااااااا,47.16,77.14
