Building your online business?,0.18,1.44
Go to wicks.com and set up your store on a single integrated platform.,3.88,8.04
Add products. Showcase them dynamically.,9.86,12.84
And seamlessly track your inventory.,13.92,15.98
Accept multiple secure payments and design your storefront down to the very last detail.,16.96,23.12
Get all the tools you need. Drive more sales with customizable gift cards,23.94,28.08
and flexible products subscriptions. Retain customers with a point-based loyalty program.,28.4,33.6
Email automations and reach millions with sales channel integrations.,34.18,38.64
Complete your setup with a personalized analytics dashboard.,39.18,42.04
Make smart business decisions and shape the next phase of your business.,42.94,47.44
"Build, manage and grow from one place.",47.94,51.08
Go to wicks and launch your online business today.,51.38,54.52
