Building,0.18,0.5
your,0.5,0.74
online,0.74,0.98
business?,0.98,1.44
Go,3.88,4.04
to,4.04,4.22
wicks.com,4.22,5.14
and,5.14,5.66
set,5.66,5.82
up,5.82,5.98
your,5.98,6.1
store,6.1,6.44
on,6.44,6.66
a,6.66,6.82
single,6.82,7.12
integrated,7.12,7.6
platform.,7.6,8.04
Add,9.86,10.12
products.,10.12,10.58
Showcase,11.64,12.08
them,12.08,12.34
dynamically.,12.34,12.84
And,13.92,14.24
seamlessly,14.24,14.78
track,14.78,15.3
your,15.3,15.54
inventory.,15.54,15.98
Accept,16.96,17.34
multiple,17.34,17.76
secure,17.76,18.1
payments,18.1,18.58
and,18.58,19.44
design,19.44,19.88
your,19.88,20.06
storefront,20.06,20.7
down,20.7,21.2
to,21.2,21.42
the,21.42,21.52
very,21.52,22.02
last,22.02,22.58
detail.,22.58,23.12
Get,23.94,24.18
all,24.18,24.34
the,24.34,24.48
tools,24.48,24.72
you,24.72,24.94
need.,24.94,25.32
Drive,25.7,25.94
more,25.94,26.22
sales,26.22,26.54
with,26.54,26.8
customizable,26.8,27.3
gift,27.3,27.66
cards,27.66,28.08
and,28.4,28.68
flexible,28.68,29.06
products,29.06,29.56
subscriptions.,29.56,30.2
Retain,31.04,31.34
customers,31.34,31.76
with,31.76,32.02
a,32.02,32.2
point-based,32.2,32.64
loyalty,32.64,33.08
program.,33.08,33.6
Email,34.18,34.58
automations,34.58,35.46
and,35.46,36.02
reach,36.02,36.28
millions,36.28,36.88
with,36.88,37.18
sales,37.18,37.56
channel,37.56,37.86
integrations.,37.86,38.64
Complete,39.18,39.52
your,39.52,39.72
setup,39.72,39.96
with,39.96,40.16
a,40.16,40.34
personalized,40.34,40.88
analytics,40.88,41.46
dashboard.,41.46,42.04
Make,42.94,43.24
smart,43.24,43.66
business,43.66,44.04
decisions,44.04,44.68
and,44.68,45.38
shape,45.38,45.62
the,45.62,45.84
next,45.84,46.14
phase,46.14,46.52
of,46.52,46.74
your,46.74,46.94
business.,46.94,47.44
"Build,",47.94,48.34
manage,48.68,48.92
and,48.92,49.26
grow,49.26,49.68
from,49.68,50.1
one,50.1,50.58
place.,50.58,51.08
Go,51.38,51.56
to,51.56,51.76
wicks,51.76,52.18
and,52.18,52.58
launch,52.58,52.86
your,52.86,53.2
online,53.2,53.62
business,53.62,54.08
today.,54.08,54.52
